movie_id,name_id
tt0038733,nm0003836
tt0038733,nm0696247
tt0060908,nm0003606
tt0069049,nm0000080
tt0082620,nm0716460
tt0083907,nm0000600
tt0085953,nm0490551
tt0100275,nm0749914
tt0100275,nm0765384
tt0147855,nm0611531
tt0192669,nm0939869
tt0235166,nm0003761
tt0339091,nm0478713
tt0339736,nm1274189
tt0347307,nm0652673
tt0360556,nm1023919
tt0427543,nm0853374
tt0451279,nm0420941
tt0491175,nm0000123
tt0491203,nm0149491
tt0800325,nm0871860
tt0837563,nm1552637
tt0837563,nm1556116
tt0862930,nm1012100
tt0926132,nm1937564
tt0972544,nm1641117
tt0974015,nm0811583
tt10006270,nm0363087
tt10008784,nm2502502
tt10012964,nm0155127
tt10016532,nm6352742
tt10039468,nm1345541
tt10046236,nm6356309
tt10076722,nm8986705
tt10077998,nm5893763
tt10102350,nm5717949
tt10115562,nm0393394
tt10122392,nm1597629
tt10125662,nm7249446
tt10133300,nm4195915
tt10156112,nm1283069
tt10183616,nm2254779
tt10195210,nm6576432
tt10199586,nm2841936
tt10199590,nm1868177
tt10199670,nm2247200
tt10208198,nm8694244
tt10214842,nm1213790
tt10218674,nm0151135
tt10228204,nm4870005
tt10237612,nm0948596
tt1024855,nm1654324
tt1025100,nm0000487
tt10253466,nm4899218
tt10255320,nm0006395
tt10263320,nm5662493
tt10272534,nm0637615
tt10279010,nm0939147
tt10279010,nm1712317
tt10305616,nm4726499
tt10318332,nm2435139
tt10323688,nm6034923
tt10327842,nm0354918
tt10327842,nm0844896
tt10327842,nm2880943
tt10327842,nm3464186
tt10330046,nm5665415
tt1034385,nm1164755
tt10360782,nm10706694
tt10364402,nm1373966
tt10370402,nm1802591
tt10370434,nm10711773
tt10378798,nm2691863
tt10378798,nm4395571
tt10381126,nm9538737
tt10384108,nm7105926
tt10394822,nm5194762
tt10405902,nm7478007
tt10407272,nm0458251
tt10410520,nm10730089
tt10438658,nm10743381
tt10443252,nm2349080
tt10443808,nm0032714
tt10495746,nm2804902
tt10495912,nm1346477
tt10497826,nm5394027
tt10498810,nm2961993
tt10503934,nm0032714
tt10504752,nm8246243
tt10519182,nm3034399
tt10521814,nm5634068
tt10545040,nm4029670
tt10545484,nm10829550
tt10550884,nm8460699
tt10551420,nm1040773
tt10551608,nm9214307
tt10556036,nm10799725
tt10579992,nm3774181
tt10581102,nm1846164
tt10581102,nm5601644
tt10585038,nm10813251
tt10589914,nm0814469
tt10592506,nm5009037
tt10604464,nm6356309
tt10604464,nm7767102
tt10622790,nm6864027
tt10623524,nm7569493
tt10627720,nm1169562
tt10651188,nm2371539
tt10656240,nm0729764
tt10658960,nm9577548
tt10659288,nm8927691
tt10671436,nm3221779
tt10687168,nm0948523
tt10709404,nm4242010
tt10726604,nm7110804
tt1072748,nm1294961
tt1072748,nm1294962
tt10738914,nm0042768
tt10767426,nm2568708
tt10768678,nm10896846
tt10800758,nm2341549
tt10805432,nm3365624
tt10815982,nm9009028
tt10816510,nm2124532
tt10867504,nm10938984
tt10869474,nm8011781
tt10883272,nm3655122
tt10883506,nm3010935
tt10895780,nm10951298
tt10895830,nm10951338
tt10927122,nm5397315
tt10944714,nm3595665
tt11027104,nm4983993
tt11134856,nm11062254
tt1131728,nm7971037
tt1134664,nm1426355
tt1137450,nm0744834
tt1148205,nm0346841
tt1158939,nm2830839
tt1183352,nm0140196
tt1194606,nm0681247
tt1206885,nm0344496
tt1212428,nm0336695
tt1219827,nm2782185
tt1230168,nm5282204
tt1253859,nm0089502
tt1272016,nm0954066
tt1281966,nm3113764
tt1285009,nm1266897
tt1298644,nm1128050
tt1301178,nm3152327
tt1308728,nm0005008
tt1318517,nm0000416
tt1334514,nm1294065
tt1365519,nm1012385
tt1380151,nm2308658
tt1386583,nm0923304
tt1389072,nm0668247
tt1389098,nm0863756
tt1412528,nm0998825
tt1413492,nm3350420
tt1431347,nm0205827
tt1458169,nm1060986
tt1478839,nm0193508
tt1485796,nm1243905
tt1536537,nm2482088
tt1544608,nm0397970
tt1563742,nm0338576
tt1564777,nm0382956
tt1590193,nm1429471
tt1620680,nm1148550
tt1648190,nm1064048
tt1653665,nm0193508
tt1661275,nm0771054
tt1680140,nm0425894
tt1691916,nm1735543
tt1691924,nm0658140
tt1699518,nm0669704
tt1712192,nm0239001
tt1727497,nm0894178
tt1734493,nm0000776
tt1748051,nm4131787
tt1748051,nm4133041
tt1753786,nm0122223
tt1758810,nm0019247
tt1759744,nm0366004
tt1780790,nm2852166
tt1785635,nm0124112
tt1790809,nm1461392
tt1790809,nm1650283
tt1799516,nm0131969
tt1824932,nm1383771
tt1825683,nm3363032
tt1826956,nm0384886
tt1833116,nm0224331
tt1837636,nm0001348
tt1854582,nm0831321
tt1863293,nm0653768
tt1869347,nm0660707
tt1869491,nm4383938
tt1884378,nm1327231
tt1895315,nm0465551
tt1922544,nm1312783
tt1928334,nm2674084
tt1934452,nm1809616
tt1935897,nm0451076
tt1937340,nm1715497
tt1946502,nm0038432
tt1950186,nm0003506
tt1977094,nm1109940
tt1979376,nm2155757
tt1981128,nm0002041
tt1986202,nm0840412
tt2002742,nm2369662
tt2018069,nm2227980
tt2034800,nm0955443
tt2039412,nm1871594
tt2050452,nm0274278
tt2062700,nm0000517
tt2066051,nm0002077
tt2069797,nm1531934
tt2072233,nm2171633
tt2076826,nm0191258
tt2091256,nm1659741
tt2098669,nm0393450
tt2119532,nm0000154
tt2119543,nm0744834
tt2125650,nm2163505
tt2126357,nm0781842
tt2140507,nm0004234
tt2140629,nm0909946
tt2149360,nm4074758
tt2150177,nm0665548
tt2179231,nm1491597
tt2196053,nm2523512
tt2226597,nm0009463
tt2231461,nm0679031
tt2233979,nm0077879
tt2239822,nm0000108
tt2250912,nm1218281
tt2265651,nm2051948
tt2274648,nm0551076
tt2275629,nm0512746
tt2275743,nm0155093
tt2275743,nm0251774
tt2275743,nm0304541
tt2275743,nm1313447
tt2275743,nm1872698
tt2275743,nm3418586
tt2278870,nm1850834
tt2281442,nm3147111
tt2281442,nm3975368
tt2281442,nm5667196
tt2281442,nm5668102
tt2293060,nm1027891
tt2296777,nm0828970
tt2297108,nm1267397
tt2304662,nm1958762
tt2315596,nm0491259
tt2316479,nm1561205
tt2328900,nm6066050
tt2331047,nm0657372
tt2337841,nm0780789
tt2378507,nm2308774
tt2385752,nm1383238
tt2386237,nm1786164
tt2386490,nm0213450
tt2386588,nm0451126
tt2395469,nm0015295
tt2396589,nm2011696
tt2401825,nm2382626
tt2406566,nm0500610
tt2421910,nm0307364
tt2425466,nm2438954
tt2445568,nm5315854
tt2449638,nm1390673
tt2463842,nm2013599
tt2476294,nm1031723
tt2487028,nm6146827
tt2490148,nm2066764
tt2492344,nm0355070
tt2499472,nm1362570
tt2515456,nm2881794
tt2523096,nm2999543
tt2527336,nm0426059
tt2531334,nm1862368
tt2534642,nm0881351
tt2534642,nm1834186
tt2534642,nm2473813
tt2543472,nm0154716
tt2557478,nm0215299
tt2570500,nm3121604
tt2578608,nm2382124
tt2582498,nm5590177
tt2582576,nm2036500
tt2602338,nm4586375
tt2606314,nm4650353
tt2620590,nm2376614
tt2620590,nm2377660
tt2630742,nm0615433
tt2633076,nm4106259
tt2651724,nm2215406
tt2670882,nm1425385
tt2677722,nm1026778
tt2690634,nm2723497
tt2700194,nm5517589
tt2700194,nm7237349
tt2704998,nm0197855
tt2704998,nm0326246
tt2709962,nm3487110
tt2712758,nm0534803
tt2720826,nm1079776
tt2728784,nm0798517
tt2737304,nm0081540
tt2762506,nm2207625
tt2762506,nm2289860
tt2762662,nm1843195
tt2763304,nm0000965
tt2766104,nm0038604
tt2776878,nm0355699
tt2782232,nm3985226
tt2783862,nm2118394
tt2814628,nm0659023
tt2852500,nm4179917
tt2873282,nm1349376
tt2898904,nm3659839
tt2898904,nm5663288
tt2898904,nm5663776
tt2913562,nm2832785
tt2917484,nm2102632
tt2920294,nm1889143
tt2926924,nm4363817
tt2931140,nm1988958
tt2931376,nm0103971
tt2932536,nm1266897
tt2935390,nm3694606
tt2935510,nm0336695
tt2943946,nm1354570
tt2948160,nm3019115
tt2948530,nm1534600
tt2955304,nm0567587
tt2967226,nm0335337
tt2967856,nm4204557
tt2967856,nm4618825
tt2984576,nm2402050
tt2989524,nm0426287
tt3024324,nm1520912
tt3026488,nm0001641
tt3038708,nm1993322
tt3061222,nm4498957
tt3061594,nm5807730
tt3061594,nm5869937
tt3063364,nm0483747
tt3068544,nm5907970
tt3072732,nm0304541
tt3076510,nm0939517
tt3079222,nm1877671
tt3082826,nm0569653
tt3086078,nm1334483
tt3092790,nm2235400
tt3096782,nm0225935
tt3104988,nm0160840
tt3108658,nm0897829
tt3113386,nm0760316
tt3116438,nm3311772
tt3120280,nm3859682
tt3122390,nm1423512
tt3127016,nm0114197
tt3127022,nm0170043
tt3138122,nm1980747
tt3142428,nm2397480
tt3142468,nm5125973
tt3148552,nm0355527
tt3160336,nm2245581
tt3163224,nm2838555
tt3165632,nm3265827
tt3169740,nm4296517
tt3170458,nm0324521
tt3170458,nm1603397
tt3171832,nm1726691
tt3182620,nm0578899
tt3183402,nm3757248
tt3183402,nm3844924
tt3188492,nm4373772
tt3194388,nm3877889
tt3201640,nm1587778
tt3201654,nm0849988
tt3203528,nm0002041
tt3204632,nm5575570
tt3209826,nm0155027
tt3212910,nm2281884
tt3226454,nm2966708
tt3228088,nm0005616
tt3231734,nm2096009
tt3244786,nm0705535
tt3245848,nm1087903
tt3255590,nm0847859
tt3257794,nm2752754
tt3262342,nm1364790
tt3262342,nm3699790
tt3268340,nm1016937
tt3277446,nm0533266
tt3280262,nm0238841
tt3283864,nm2295916
tt3286560,nm0000576
tt3289080,nm3168346
tt3289804,nm0425364
tt3289956,nm0004217
tt3292080,nm0400486
tt3296156,nm3280033
tt3296908,nm1473428
tt3297382,nm1736575
tt3300980,nm0958969
tt3305176,nm1893445
tt3312180,nm3215670
tt3313182,nm1317689
tt3315342,nm0003506
tt3335606,nm0795153
tt3344694,nm0006487
tt3349578,nm0112871
tt3361792,nm1933648
tt3362238,nm4894287
tt3378384,nm1153918
tt3396208,nm1403732
tt3398808,nm1302290
tt3401174,nm0687739
tt3401174,nm1621651
tt3401882,nm0007193
tt3401962,nm3148857
tt3404246,nm2264935
tt3405236,nm1194320
tt3411444,nm0757858
tt3415358,nm3317227
tt3416536,nm6166094
tt3418064,nm1237255
tt3429340,nm2514599
tt3444008,nm1477697
tt3445702,nm5469372
tt3449006,nm3342252
tt3458760,nm3179896
tt3465026,nm0388594
tt3469798,nm1523747
tt3470600,nm1134029
tt3470600,nm2888554
tt3479530,nm5695557
tt3486080,nm5098915
tt3486626,nm2117510
tt3487610,nm1496042
tt3496790,nm2180059
tt3497596,nm1030346
tt3499358,nm6146593
tt3499358,nm6146940
tt3499542,nm6160730
tt3499542,nm6160732
tt3505898,nm3163495
tt3509978,nm4292047
tt3517306,nm3398958
tt3517870,nm2077225
tt3520216,nm3129003
tt3520714,nm3790615
tt3526622,nm0907655
tt3530328,nm4435811
tt3531202,nm1119099
tt3548028,nm1719084
tt3548276,nm1322293
tt3548276,nm2104225
tt3552592,nm2672601
tt3563342,nm0644100
tt3564122,nm6160730
tt3565066,nm1508002
tt3568380,nm0130327
tt3581478,nm4705143
tt3582020,nm0621168
tt3591696,nm0776553
tt3591836,nm4657066
tt3592750,nm5630563
tt3592904,nm1189201
tt3596436,nm4335588
tt3598108,nm1168930
tt3602422,nm2777774
tt3604156,nm0288651
tt3606752,nm0270263
tt3606756,nm0083348
tt3615160,nm0613562
tt3615952,nm2960596
tt3616934,nm0174983
tt3629032,nm1637798
tt3630800,nm0331621
tt3630800,nm1951858
tt3639656,nm0347957
tt3643544,nm0147985
tt3645988,nm0023355
tt3647784,nm2211997
tt3653132,nm0467836
tt3661570,nm0251490
tt3662308,nm1758280
tt3663020,nm0350455
tt3665498,nm2285460
tt3666024,nm0240196
tt3672120,nm0377623
tt3680820,nm0709182
tt3684500,nm2651069
tt3685624,nm0092632
tt3687316,nm0601376
tt3687898,nm6448847
tt3688342,nm0570865
tt3699702,nm3656365
tt3702088,nm0483999
tt3704298,nm1770760
tt3704700,nm3584506
tt3709442,nm1409078
tt3709552,nm0844155
tt3710966,nm1076716
tt3713030,nm0446539
tt3714492,nm1073837
tt3717490,nm2410311
tt3719158,nm4177136
tt3722356,nm4731208
tt3724490,nm0751481
tt3732280,nm1628249
tt3733068,nm1738794
tt3733068,nm2191541
tt3733098,nm3060912
tt3737840,nm0822597
tt3740066,nm3562611
tt3741188,nm2563516
tt3741700,nm1002424
tt3741834,nm0204628
tt3746824,nm6305117
tt3746824,nm6512883
tt3750872,nm0750275
tt3752610,nm1555204
tt3756046,nm0470098
tt3758162,nm0473329
tt3758708,nm1837403
tt3759298,nm2101256
tt3766354,nm0298807
tt3771792,nm0533266
tt3776518,nm2634623
tt3778354,nm4490351
tt3783958,nm3227090
tt3784042,nm3023873
tt3786198,nm0611314
tt3787068,nm4717236
tt3794028,nm0305368
tt3794392,nm4827374
tt3799232,nm1479803
tt3804448,nm5541436
tt3809276,nm0649181
tt3809960,nm0053556
tt3813334,nm3266227
tt3814808,nm0792120
tt3823098,nm0403038
tt3823392,nm0634782
tt3829276,nm1618155
tt3829378,nm0326040
tt3830302,nm6596116
tt3831344,nm4178630
tt3831636,nm1729116
tt3832126,nm1839607
tt3832326,nm2085977
tt3844876,nm2732016
tt3847642,nm2415859
tt3852028,nm4634042
tt3853830,nm3414572
tt3858454,nm1707168
tt3859272,nm3225709
tt3859310,nm0593463
tt3859872,nm1012037
tt3860916,nm3262170
tt3860916,nm3447602
tt3861144,nm4126099
tt3863632,nm0602055
tt3864934,nm0532723
tt3866526,nm0080100
tt3876382,nm2085189
tt3879200,nm1957032
tt3881026,nm6645184
tt3881784,nm0337773
tt3884282,nm4567309
tt3889156,nm1118245
tt3890160,nm0942367
tt3891338,nm1980429
tt3895908,nm6661527
tt3896198,nm0348181
tt3896738,nm1587778
tt3899154,nm2247776
tt3899154,nm2616352
tt3899154,nm6664323
tt3901826,nm1316072
tt3904278,nm2347373
tt3904278,nm3016585
tt3906082,nm2223783
tt3910736,nm0922346
tt3915560,nm0962647
tt3920890,nm2306906
tt3922818,nm0155093
tt3924262,nm3990444
tt3924774,nm0919909
tt3948764,nm3079109
tt3951908,nm0801219
tt3954646,nm0023361
tt3954646,nm0651388
tt3954876,nm3222789
tt3954876,nm3519593
tt3954876,nm3897630
tt3954876,nm4219666
tt3954876,nm4489330
tt3954876,nm5398509
tt3956336,nm0133966
tt3960240,nm2361811
tt3962984,nm0713576
tt3967508,nm0267715
tt3967878,nm0453518
tt3969208,nm3719393
tt3983902,nm0317368
tt3984432,nm2809933
tt3985430,nm1697542
tt3990782,nm2171652
tt4003440,nm0001885
tt4004084,nm2970236
tt4008566,nm1882666
tt4010848,nm2331593
tt4015500,nm2060706
tt4026044,nm2520373
tt4031126,nm0484314
tt4034228,nm0518836
tt4037876,nm0813786
tt4045894,nm3146718
tt4048272,nm0011752
tt4054008,nm0501165
tt4059652,nm2177970
tt4061944,nm2021984
tt4062896,nm1655252
tt4064912,nm2493004
tt4067062,nm2758687
tt4073304,nm1241580
tt4073790,nm0950775
tt4074928,nm0317834
tt4076926,nm1185422
tt4076926,nm2838508
tt4076926,nm3430702
tt4076926,nm4059614
tt4076926,nm4671160
tt4076926,nm4966249
tt4080728,nm0391502
tt4082314,nm4462007
tt4082644,nm1884065
tt4102722,nm1243970
tt4105584,nm2280443
tt4109632,nm0016074
tt4114302,nm0463316
tt4114302,nm2623713
tt4117326,nm1531243
tt4119054,nm1622138
tt4119054,nm4535467
tt4119208,nm4644049
tt4123430,nm0946734
tt4123650,nm3774970
tt4125372,nm0262561
tt4125654,nm6848725
tt4126434,nm6406771
tt4126694,nm6850073
tt4131496,nm0638679
tt4132190,nm1054636
tt4134826,nm3172762
tt4138254,nm0721351
tt4144350,nm5141259
tt4153828,nm0351921
tt4153828,nm1819612
tt4154756,nm0751577
tt4154756,nm0751648
tt4154796,nm0751577
tt4154796,nm0751648
tt4155534,nm0051643
tt4155534,nm1445824
tt4155534,nm1762349
tt4157510,nm5093086
tt4158096,nm1296554
tt4158594,nm4285728
tt4161376,nm10150409
tt4161376,nm5141259
tt4161376,nm6864997
tt4161376,nm6880481
tt4161376,nm6880484
tt4161376,nm6880485
tt4162860,nm1756579
tt4177856,nm4488703
tt4180556,nm0112498
tt4180560,nm0161330
tt4191486,nm1199352
tt4191702,nm0147737
tt4207196,nm3934670
tt4209174,nm6921776
tt4211312,nm1361000
tt4211312,nm2975353
tt4215674,nm6719069
tt4217392,nm0867262
tt4217878,nm0598706
tt4218572,nm2588606
tt4218998,nm5310133
tt4225092,nm0107780
tt4225092,nm3697799
tt4225092,nm3781891
tt4225092,nm3893092
tt4225092,nm4259291
tt4225092,nm6149501
tt4225622,nm0629334
tt4227282,nm0046480
tt4229864,nm1743408
tt4230078,nm1125815
tt4238858,nm2326407
tt4247440,nm0503767
tt4249580,nm3281213
tt4255304,nm2725627
tt4255304,nm2860882
tt4264610,nm3239138
tt4266076,nm9572719
tt4269118,nm0001177
tt4274656,nm0690770
tt4279116,nm1583696
tt4280540,nm2526715
tt4281724,nm2093171
tt4282872,nm5177110
tt4287778,nm0994603
tt4288674,nm1458855
tt4291116,nm2027655
tt4294970,nm1166930
tt4294970,nm1407581
tt4295258,nm1962311
tt4300776,nm7007111
tt4305148,nm0811611
tt4312842,nm2371540
tt4312842,nm6167154
tt4313982,nm4303911
tt4314716,nm1474879
tt4323568,nm0434571
tt4334266,nm3235877
tt4334642,nm1906725
tt4335954,nm7039575
tt4340072,nm1117510
tt4351548,nm5399468
tt4356480,nm1184336
tt4357394,nm1730090
tt4360924,nm4978663
tt4361376,nm2359944
tt4369136,nm4918674
tt4371680,nm7065035
tt4371680,nm7065036
tt4374286,nm4259348
tt4399590,nm3786304
tt4399952,nm1746948
tt4418152,nm3240432
tt4420040,nm0276169
tt4422164,nm7101998
tt4423778,nm2607125
tt4423984,nm7103755
tt4424292,nm4895698
tt4424292,nm5246174
tt4425200,nm0821432
tt4426464,nm0005616
tt4443658,nm2577199
tt4445490,nm6997094
tt4453756,nm7372422
tt4454834,nm0059277
tt4457344,nm1826889
tt4460624,nm0249210
tt4461676,nm1502868
tt4463894,nm1103162
tt4468634,nm0716980
tt4468740,nm1653753
tt4469518,nm1057010
tt4469518,nm3497932
tt4470288,nm4738404
tt4473378,nm2968402
tt4477536,nm0001226
tt4480398,nm0923959
tt4481514,nm1157527
tt4482572,nm4179756
tt4485806,nm4335588
tt4486838,nm4432273
tt4488744,nm2683029
tt4488744,nm3344880
tt4489562,nm1319499
tt4490220,nm3806890
tt4494094,nm1831657
tt4494382,nm0650637
tt4494382,nm1823279
tt4494718,nm0001804
tt4497686,nm5063717
tt4497978,nm7166640
tt4497978,nm7166641
tt4498604,nm0003458
tt4498760,nm4586881
tt4499228,nm0441099
tt4504044,nm1130275
tt4505994,nm1337562
tt4513316,nm0079448
tt4513538,nm1672561
tt4514646,nm2608022
tt4516352,nm4097598
tt4517450,nm0643247
tt4518962,nm0431871
tt4519400,nm0994275
tt4520518,nm0427478
tt4520924,nm1563341
tt4522922,nm0085791
tt4523910,nm0305558
tt4532826,nm1163264
tt4537896,nm1312919
tt4538294,nm3746400
tt4539140,nm1345081
tt4540384,nm2167230
tt4544696,nm7210242
tt4547938,nm7214191
tt4551318,nm0464846
tt4554186,nm2182524
tt4556370,nm2157767
tt4557956,nm0855188
tt4560008,nm2868171
tt4560926,nm0528426
tt4565520,nm0000513
tt4566780,nm3419080
tt4568478,nm1585860
tt4572514,nm0000916
tt4572700,nm3749181
tt4574654,nm5859010
tt4575576,nm0286975
tt4575930,nm0487567
tt4578050,nm0237527
tt4578910,nm1030706
tt4580550,nm0710272
tt4584718,nm4919063
tt4587656,nm3302450
tt4587780,nm0852363
tt4588594,nm1711449
tt4590092,nm3803909
tt4591840,nm0255710
tt4594836,nm0621993
tt4600952,nm3550361
tt4601504,nm0122044
tt4610378,nm0003400
tt4614612,nm0005139
tt4614936,nm0482438
tt4615318,nm0383343
tt4622512,nm0206760
tt4622512,nm0267512
tt4622682,nm0616673
tt4625324,nm3106449
tt4627352,nm0005628
tt4630562,nm0336620
tt4631100,nm1760800
tt4633694,nm0709056
tt4633694,nm0745247
tt4633694,nm2130108
tt4637878,nm0837009
tt4649466,nm0891216
tt4653818,nm1154951
tt4653950,nm0630057
tt4654472,nm2133257
tt4656810,nm2284169
tt4660172,nm0483192
tt4662396,nm2751807
tt4663548,nm0326837
tt4664244,nm0172016
tt4669296,nm0959774
tt4669788,nm0001460
tt4670016,nm0502954
tt4675986,nm3734520
tt4680182,nm1443023
tt4680980,nm1424878
tt4682788,nm0508208
tt4685636,nm2591840
tt4685636,nm2932959
tt4685636,nm7704725
tt4685806,nm1950060
tt4686108,nm0753526
tt4686844,nm0406334
tt4687410,nm2759405
tt4688294,nm0274842
tt4693358,nm2279930
tt4693612,nm1416796
tt4696310,nm0989197
tt4697228,nm2934181
tt4700872,nm3745127
tt4700872,nm4716316
tt4701906,nm1618692
tt4702826,nm1593204
tt4703182,nm0036537
tt4711924,nm1989547
tt4712076,nm4227232
tt4714782,nm0000801
tt4717644,nm1729447
tt4720702,nm5722382
tt4720702,nm5732579
tt4721124,nm1659505
tt4721404,nm2749225
tt4723718,nm7360351
tt4723724,nm0002692
tt4725842,nm1618621
tt4726636,nm0241622
tt4726988,nm0138759
tt4727128,nm0307981
tt4729642,nm3307804
tt4729790,nm1597823
tt4730224,nm5078817
tt4731148,nm0094080
tt4733640,nm0575726
tt4736486,nm0148053
tt4738174,nm0221662
tt4741376,nm0216816
tt4741768,nm3019669
tt4743226,nm5684993
tt4747380,nm4553400
tt4761916,nm0839812
tt4762824,nm2095817
tt4765284,nm2586324
tt4765870,nm2441292
tt4766630,nm0825973
tt4768160,nm3754584
tt4768586,nm5963396
tt4772856,nm8468135
tt4773054,nm7391788
tt4773438,nm2279646
tt4776998,nm0313623
tt4777004,nm1586120
tt4777008,nm1461392
tt4778424,nm3929133
tt4779026,nm1286934
tt4782322,nm3416937
tt4786132,nm3495453
tt4788744,nm0784805
tt4789822,nm4674346
tt4792524,nm1449526
tt4797490,nm1448482
tt4799064,nm1088485
tt4801456,nm3583561
tt4810964,nm7349096
tt4815122,nm3244731
tt4815122,nm3246780
tt4823122,nm1292891
tt4823538,nm1000616
tt4824256,nm2495167
tt4824316,nm0005522
tt4827442,nm7394582
tt4827986,nm3592235
tt4828330,nm7370305
tt4835676,nm2658741
tt4835894,nm2005950
tt4836110,nm3406099
tt4836580,nm8756455
tt4837074,nm3887268
tt4839414,nm3553138
tt4839458,nm6831981
tt4842646,nm0641373
tt4843618,nm0611983
tt4844140,nm2355933
tt4846232,nm1343394
tt4846340,nm0577647
tt4851570,nm1849326
tt4862190,nm3769280
tt4862506,nm1468487
tt4866214,nm6371735
tt4874812,nm3273103
tt4875962,nm3759164
tt4875962,nm6063725
tt4877122,nm1902232
tt4877606,nm2593537
tt4880630,nm2043473
tt4881362,nm5339365
tt4881806,nm1291105
tt4886942,nm10563726
tt4898602,nm1172024
tt4899370,nm1363250
tt4902260,nm0117005
tt4906960,nm0527453
tt4909602,nm1271703
tt4910232,nm4147334
tt4912622,nm1515311
tt4912622,nm1516293
tt4916744,nm1562288
tt4925292,nm1950086
tt4927984,nm3397365
tt4929720,nm3225709
tt4932388,nm1267569
tt4933410,nm0408644
tt4936122,nm4132885
tt4940416,nm1074134
tt4942270,nm1350587
tt4943620,nm3980314
tt4943620,nm7529356
tt4943706,nm3047533
tt4943706,nm3703401
tt4948838,nm1379105
tt4949288,nm3947269
tt4949290,nm0915394
tt4949324,nm1363374
tt4950192,nm1138158
tt4952054,nm0994402
