movie_id,name_id,category
tt0038733,nm0000057,actor
tt0038733,nm0001375,actress
tt0038733,nm0126402,actress
tt0038733,nm0178509,actor
tt0060908,nm0000869,actor
tt0060908,nm0000991,actress
tt0060908,nm0105482,actor
tt0060908,nm0108400,actor
tt0069049,nm0000953,actor
tt0069049,nm0001379,actor
tt0069049,nm0001782,actress
tt0069049,nm0462648,actress
tt0082620,nm0003104,actor
tt0082620,nm0122782,actress
tt0082620,nm0147736,actor
tt0082620,nm0588922,actor
tt0083907,nm0048260,actress
tt0083907,nm0132257,actor
tt0083907,nm0217822,actor
tt0083907,nm0762445,actress
tt0085953,nm0150874,actor
tt0085953,nm0387360,actor
tt0085953,nm0490623,actor
tt0085953,nm1845142,actor
tt0085953,nm4628925,actor
tt0100275,nm0016013,actor
tt0100275,nm0721280,actor
tt0100275,nm0728971,actress
tt0100275,nm1415193,actress
tt0147855,nm0006369,actor
tt0147855,nm0474876,actor
tt0147855,nm0474940,actress
tt0147855,nm0764407,actress
tt0192669,nm0095751,actress
tt0192669,nm0242903,actor
tt0192669,nm0299479,actor
tt0192669,nm0444339,actor
tt0235166,nm0000514,actor
tt0235166,nm0565247,actress
tt0235166,nm2199374,actor
tt0235166,nm2199466,actor
tt0339091,nm0001107,actress
tt0339091,nm0004793,actress
tt0339091,nm0428591,actress
tt0339091,nm0559069,actress
tt0339736,nm0000539,actress
tt0339736,nm0001218,actor
tt0339736,nm0077720,actor
tt0339736,nm0462735,actor
tt0347307,nm0111410,actor
tt0347307,nm0407597,actor
tt0347307,nm0586645,actor
tt0347307,nm0767512,actor
tt0347307,nm1300963,actress
tt0360556,nm0430107,actor
tt0360556,nm0441654,actress
tt0360556,nm0788335,actor
tt0360556,nm2210323,actor
tt0427543,nm0000610,actor
tt0427543,nm0000671,actor
tt0427543,nm1093951,actor
tt0427543,nm3747611,actress
tt0451279,nm0000705,actress
tt0451279,nm0205063,actress
tt0451279,nm1517976,actor
tt0451279,nm2933757,actress
tt0491175,nm0000194,actress
tt0491175,nm0000354,actor
tt0491175,nm1209966,actor
tt0491175,nm7415871,actor
tt0491203,nm0334441,actress
tt0491203,nm1925239,actor
tt0491203,nm2539953,actress
tt0491203,nm2851530,actor
tt0493405,nm0000352,actor
tt0493405,nm0671567,actor
tt0493405,nm1009277,actor
tt0493405,nm4023073,actress
tt0800325,nm0446622,actor
tt0800325,nm3150488,actor
tt0800325,nm3206486,actor
tt0800325,nm3701064,actor
tt0837563,nm0001475,actor
tt0837563,nm0164809,actor
tt0837563,nm1541272,actress
tt0837563,nm5503448,actress
tt0862930,nm0014474,actress
tt0862930,nm0368349,actor
tt0862930,nm0404003,actor
tt0862930,nm2382489,actress
tt0926132,nm0087756,actor
tt0926132,nm1453324,actor
tt0926132,nm1792165,actress
tt0926132,nm2495458,actor
tt0972544,nm0000496,actress
tt0972544,nm0001598,actor
tt0972544,nm0607185,actress
tt0972544,nm2443758,actress
tt0974015,nm0000255,actor
tt0974015,nm0597388,actor
tt0974015,nm2933757,actress
tt0974015,nm3009232,actor
tt10006270,nm0098573,actor
tt10006270,nm10541277,actor
tt10006270,nm1738477,actress
tt10006270,nm7007394,actor
tt10008784,nm0743931,actress
tt10008784,nm10630117,actress
tt10008784,nm10659033,actress
tt10008784,nm1726032,actor
tt10016532,nm4945396,actor
tt10016532,nm5295004,actor
tt10016532,nm6106052,actor
tt10016532,nm9603320,actress
tt10039468,nm0906207,actor
tt10039468,nm2716936,actress
tt10039468,nm3024307,actor
tt10039468,nm6970724,actress
tt10046236,nm6708263,actor
tt10046236,nm8688721,actor
tt10046236,nm9399631,actor
tt10046236,nm9864877,actor
tt10076722,nm0467601,actor
tt10076722,nm2032154,actor
tt10076722,nm2599033,actress
tt10076722,nm2773956,actor
tt10076722,nm3300976,actor
tt10076722,nm3318524,actress
tt10076722,nm5932284,actor
tt10076722,nm6418458,actress
tt10076722,nm8667354,actor
tt10077998,nm10571964,actor
tt10077998,nm10571965,actor
tt10077998,nm10571966,actor
tt10077998,nm4443538,actor
tt10102350,nm1039311,actor
tt10102350,nm10674822,actor
tt10102350,nm1314099,actor
tt10102350,nm1325301,actress
tt10102350,nm1518511,actress
tt10102350,nm3504435,actor
tt10102350,nm6112217,actor
tt10102350,nm8031233,actor
tt10115562,nm0557859,actress
tt10115562,nm1483904,actor
tt10115562,nm3228320,actor
tt10115562,nm6199380,actor
tt10122392,nm0944979,actor
tt10122392,nm10631813,actress
tt10122392,nm2510035,actor
tt10122392,nm4060295,actor
tt10125662,nm10593579,actor
tt10125662,nm2588481,actor
tt10125662,nm3500208,actress
tt10125662,nm9469072,actress
tt10133300,nm10236476,actor
tt10133300,nm6618354,actor
tt10133300,nm6642302,actor
tt10133300,nm7322042,actress
tt10143498,nm0001250,actress
tt10143498,nm0033389,actress
tt10143498,nm0040939,actor
tt10143498,nm0749222,actor
tt10156112,nm0493418,actress
tt10156112,nm1742708,actress
tt10156112,nm4498610,actor
tt10156112,nm8521561,actress
tt10183616,nm1081573,actor
tt10183616,nm1193736,actress
tt10183616,nm3723133,actress
tt10183616,nm4473893,actor
tt10195210,nm10786192,actress
tt10195210,nm2874732,actor
tt10195210,nm7889237,actor
tt10195210,nm8524411,actress
tt10199586,nm0969687,actor
tt10199586,nm10641642,actor
tt10199586,nm10641645,actress
tt10199586,nm10641648,actor
tt10199590,nm10708849,actor
tt10199590,nm4044784,actor
tt10199590,nm6281424,actor
tt10199590,nm8815470,actor
tt10199670,nm0000918,actor
tt10199670,nm0839847,actor
tt10199670,nm1577425,actress
tt10199670,nm7846186,actress
tt10208198,nm3011350,actor
tt10208198,nm3673844,actor
tt10208198,nm9541537,actor
tt10214842,nm0040125,actor
tt10214842,nm10701655,actor
tt10214842,nm6786155,actress
tt10214842,nm7386379,actor
tt10218674,nm2119781,actor
tt10218674,nm3431007,actress
tt10218674,nm4429082,actress
tt10218674,nm8018569,actor
tt10223546,nm2082567,actress
tt10223546,nm4186329,actor
tt10223546,nm5398167,actor
tt10223546,nm7557188,actor
tt10228204,nm0000272,actress
tt10228204,nm0035128,actor
tt10228204,nm2072440,actor
tt10228204,nm3426050,actress
tt10237612,nm0793784,actor
tt10237612,nm1040587,actor
tt10237612,nm1059148,actor
tt10237612,nm1275138,actor
tt10237612,nm1456586,actor
tt10237612,nm2197560,actress
tt10237612,nm4299091,actor
tt10237612,nm4619220,actress
tt10237612,nm8115847,actor
tt1024855,nm0181920,actor
tt1024855,nm0265492,actor
tt1024855,nm0602941,actor
tt1024855,nm1570873,actor
tt1025100,nm0000226,actor
tt1025100,nm0654110,actor
tt1025100,nm0935541,actress
tt1025100,nm0938950,actor
tt10253466,nm0000227,actress
tt10253466,nm0001136,actor
tt10253466,nm0836071,actor
tt10253466,nm1824524,actor
tt10255320,nm0068187,actress
tt10255320,nm0641097,actress
tt10255320,nm2633394,actor
tt10255320,nm5893507,actor
tt10263320,nm0259472,actor
tt10263320,nm10424777,actor
tt10263320,nm7041200,actress
tt10263320,nm9442261,actor
tt10272534,nm0001095,actress
tt10272534,nm0001250,actress
tt10272534,nm10703942,actor
tt10272534,nm8780242,actress
tt10279010,nm0465503,actor
tt10279010,nm0482628,actor
tt10279010,nm0504899,actor
tt10279010,nm8018569,actor
tt10305616,nm10678441,actor
tt10305616,nm6319227,actress
tt10305616,nm8682383,actor
tt10305616,nm8715584,actress
tt10310222,nm2053637,actress
tt10310222,nm3287361,actor
tt10310222,nm4021775,actor
tt10318332,nm0014081,actress
tt10318332,nm0761189,actor
tt10318332,nm4450033,actor
tt10318332,nm6472234,actress
tt10323688,nm3492497,actor
tt10323688,nm8078421,actor
tt10323688,nm8311266,actress
tt10323688,nm8870756,actor
tt10325070,nm8601690,actor
tt10327842,nm0394248,actor
tt10327842,nm10712064,actress
tt10327842,nm1269313,actress
tt10327842,nm1495350,actress
tt10330046,nm10159840,actress
tt10330046,nm11018375,actress
tt10330046,nm2018026,actress
tt10330046,nm5514796,actor
tt10330046,nm9582819,actress
tt1034385,nm0829032,actor
tt1034385,nm2845631,actor
tt1034385,nm3467663,actress
tt1034385,nm6455852,actor
tt10360782,nm1244971,actor
tt10360782,nm1962272,actor
tt10360782,nm3327356,actor
tt10360782,nm6192494,actress
tt10364402,nm10035133,actor
tt10364402,nm10430587,actress
tt10364402,nm10580539,actress
tt10364402,nm10715837,actress
tt10364402,nm3742758,actor
tt10364402,nm5305415,actress
tt10364402,nm7841808,actress
tt10364402,nm9283840,actress
tt10370402,nm0295383,actor
tt10370402,nm2067056,actress
tt10370402,nm3575889,actress
tt10370402,nm5674436,actor
tt10370434,nm10711774,actor
tt10370434,nm10711775,actor
tt10370434,nm10711776,actor
tt10378798,nm3264089,actress
tt10378798,nm4841345,actress
tt10378798,nm5935517,actor
tt10378798,nm7640575,actor
tt10381126,nm0433392,actress
tt10381126,nm0720763,actress
tt10381126,nm2284321,actor
tt10381126,nm6489058,actor
tt10384108,nm1053380,actor
tt10384108,nm1117946,actor
tt10384108,nm4140613,actress
tt10384108,nm5391191,actor
tt10394822,nm1059365,actor
tt10394822,nm3166936,actress
tt10394822,nm3311394,actor
tt10394822,nm9196446,actress
tt10405902,nm1368581,actor
tt10405902,nm5682275,actress
tt10405902,nm5856573,actor
tt10407272,nm0075710,actor
tt10407272,nm0320759,actress
tt10407272,nm1891185,actress
tt10407272,nm2476624,actor
tt10410520,nm10730090,actor
tt10410520,nm10730091,actor
tt10410520,nm6788942,actor
tt10410520,nm8837262,actor
tt10438658,nm10482153,actor
tt10438658,nm10661975,actor
tt10438658,nm9063492,actress
tt10438658,nm9159017,actor
tt10443252,nm0935975,actor
tt10443252,nm2140625,actor
tt10443252,nm4876591,actress
tt10443252,nm5267438,actress
tt10443808,nm1432852,actor
tt10443808,nm2464387,actor
tt10443808,nm3710567,actor
tt10443808,nm4248780,actor
tt10443808,nm4877913,actor
tt10443808,nm6860715,actor
tt10452466,nm0080238,actor
tt10452466,nm0944833,actor
tt10452466,nm10625853,actor
tt10452466,nm10750162,actor
tt10452466,nm9547042,actor
tt10495746,nm10174507,actor
tt10495746,nm10309028,actor
tt10495746,nm1295194,actress
tt10495746,nm1417182,actress
tt10495746,nm2682638,actor
tt10495746,nm9561934,actress
tt10495912,nm10833697,actor
tt10495912,nm3156007,actress
tt10495912,nm9504574,actor
tt10495912,nm9987517,actress
tt10497826,nm0011775,actress
tt10497826,nm1669979,actor
tt10497826,nm2183034,actor
tt10497826,nm3622854,actor
tt10497826,nm3649155,actor
tt10497826,nm4020580,actor
tt10497826,nm6265372,actor
tt10498810,nm10764836,actor
tt10498810,nm10782062,actor
tt10498810,nm1478638,actor
tt10498810,nm3220459,actor
tt10503934,nm0754906,actress
tt10503934,nm1255010,actress
tt10503934,nm1461028,actor
tt10503934,nm3993748,actor
tt10504752,nm1428724,actor
tt10504752,nm1955570,actor
tt10504752,nm2465399,actor
tt10504752,nm5444787,actor
tt10519182,nm3848064,actress
tt10519182,nm5607349,actor
tt10519182,nm5687944,actor
tt10519182,nm7435453,actor
tt10521814,nm2901000,actress
tt10521814,nm6791934,actress
tt10521814,nm8805270,actress
tt10521814,nm8914782,actress
tt10545040,nm11082542,actress
tt10545040,nm3019405,actor
tt10545040,nm3021363,actor
tt10545040,nm4566716,actor
tt10545040,nm4832602,actress
tt10545040,nm6624684,actress
tt10545040,nm6632518,actor
tt10545484,nm1302330,actor
tt10545484,nm3414188,actor
tt10545484,nm5194813,actor
tt10545484,nm5294556,actress
tt10550884,nm0014227,actor
tt10550884,nm3482745,actor
tt10550884,nm6079248,actor
tt10550884,nm6124994,actor
tt10550884,nm7927575,actor
tt10550884,nm8621197,actress
tt10550884,nm9256063,actor
tt10551420,nm0155618,actress
tt10551420,nm0490613,actress
tt10551420,nm2082146,actress
tt10551420,nm7476676,actress
tt10551608,nm10464357,actor
tt10551608,nm10899733,actor
tt10551608,nm2068971,actor
tt10551608,nm9503553,actress
tt10556036,nm10799726,actress
tt10556036,nm1094188,actress
tt10556036,nm5369429,actor
tt10556036,nm6789632,actress
tt10556036,nm8904192,actor
tt10579992,nm0877203,actor
tt10579992,nm1727367,actor
tt10579992,nm4524783,actress
tt10579992,nm5853531,actor
tt10581102,nm2641517,actress
tt10581102,nm5017316,actress
tt10581102,nm6590777,actor
tt10581102,nm7087970,actor
tt10585038,nm10820788,actor
tt10585038,nm10820789,actor
tt10585038,nm10820790,actor
tt10585038,nm4704862,actor
tt10585038,nm5992648,actor
tt10585038,nm6538371,actor
tt10585038,nm9744191,actor
tt10589914,nm0793404,actor
tt10589914,nm11050292,actress
tt10589914,nm4017554,actress
tt10589914,nm4514387,actor
tt10592506,nm10839787,actress
tt10592506,nm2363939,actor
tt10592506,nm8013135,actor
tt10592506,nm8943364,actress
tt10604464,nm0040520,actress
tt10604464,nm10249652,actress
tt10604464,nm2585216,actress
tt10604464,nm9800201,actress
tt10608842,nm10025721,actor
tt10608842,nm10426269,actress
tt10608842,nm10426271,actress
tt10608842,nm3025400,actor
tt10622790,nm10830326,actor
tt10622790,nm10833335,actor
tt10622790,nm10833336,actress
tt10622790,nm10833337,actress
tt10622790,nm10833338,actress
tt10622790,nm10833339,actress
tt10622790,nm10834150,actress
tt10622790,nm4882830,actor
tt10623524,nm2534665,actor
tt10623524,nm3760302,actor
tt10623524,nm7299325,actor
tt10623524,nm8324884,actress
tt10627720,nm10939413,actress
tt10627720,nm10939414,actor
tt10627720,nm10939415,actor
tt10627720,nm10939416,actor
tt10627720,nm10939417,actress
tt10627720,nm10939418,actor
tt10627720,nm8064039,actor
tt10651188,nm11009684,actor
tt10651188,nm11009686,actor
tt10651188,nm11009687,actor
tt10651188,nm11009689,actor
tt10651188,nm3374672,actor
tt10651188,nm3536996,actor
tt10651188,nm5613017,actor
tt10656240,nm10047914,actress
tt10656240,nm4246356,actress
tt10656240,nm8706795,actress
tt10656240,nm9936574,actor
tt10658960,nm10377638,actor
tt10658960,nm10846320,actress
tt10658960,nm10846321,actress
tt10658960,nm5644148,actor
tt10658960,nm9675054,actor
tt10659288,nm10303280,actor
tt10659288,nm10846436,actress
tt10659288,nm10846437,actress
tt10659288,nm2898605,actress
tt10659288,nm3571821,actor
tt10659288,nm4805391,actor
tt10659288,nm9533542,actor
tt10671436,nm10852526,actress
tt10671436,nm1967908,actress
tt10671436,nm2815326,actor
tt10671436,nm9781807,actor
tt10687168,nm0151827,actress
tt10687168,nm0955505,actress
tt10709404,nm0707300,actor
tt10709404,nm4262344,actor
tt10709404,nm4792434,actor
tt10709404,nm5781594,actress
tt10726604,nm1012117,actor
tt10726604,nm2098258,actress
tt10726604,nm2584975,actress
tt10726604,nm3011350,actor
tt10726604,nm7950808,actor
tt1072748,nm0000545,actress
tt1072748,nm0164809,actor
tt1072748,nm3512758,actress
tt1072748,nm7073477,actor
tt10738914,nm0327404,actor
tt10738914,nm0332283,actress
tt10738914,nm0896942,actor
tt10738914,nm2780552,actress
tt10767426,nm1181610,actor
tt10767426,nm3891226,actress
tt10767426,nm3963513,actor
tt10767426,nm9318675,actor
tt10768678,nm10896847,actor
tt10768678,nm10896848,actress
tt10768678,nm1302928,actor
tt10800758,nm10910694,actress
tt10800758,nm1753862,actor
tt10800758,nm1865097,actress
tt10800758,nm3755026,actor
tt10800758,nm8953986,actor
tt10800758,nm9478570,actress
tt10805432,nm0151790,actress
tt10805432,nm10695104,actor
tt10805432,nm7604547,actor
tt10805432,nm9095390,actress
tt10815982,nm0620636,actor
tt10815982,nm0704694,actor
tt10815982,nm1024101,actor
tt10815982,nm2843559,actress
tt10816510,nm0592799,actor
tt10816510,nm0792116,actor
tt10816510,nm10537855,actor
tt10816510,nm1122912,actor
tt10867504,nm10938985,actor
tt10867504,nm5923940,actor
tt10867504,nm8704370,actor
tt10867504,nm9397304,actress
tt10869474,nm2936907,actor
tt10869474,nm5573564,actress
tt10869474,nm5732706,actress
tt10869474,nm8195186,actor
tt10883272,nm10394206,actor
tt10883272,nm10945858,actress
tt10883272,nm1794380,actor
tt10883272,nm8906035,actress
tt10883506,nm0155439,actor
tt10883506,nm10946058,actress
tt10883506,nm2115883,actress
tt10883506,nm5293539,actor
tt10895780,nm10951299,actor
tt10895780,nm10951300,actress
tt10895780,nm2560181,actor
tt10895780,nm6419392,actor
tt10895830,nm1099597,actor
tt10895830,nm3163817,actor
tt10895830,nm3951906,actor
tt10895830,nm7752825,actress
tt10927122,nm3641238,actor
tt10927122,nm5909914,actor
tt10927122,nm6228213,actor
tt10927122,nm8649821,actor
tt10944714,nm0019382,actor
tt10944714,nm11104149,actor
tt10944714,nm11104157,actor
tt10944714,nm11104158,actress
tt11027104,nm0368017,actor
tt11027104,nm2780497,actor
tt11027104,nm5332836,actress
tt11027104,nm6091637,actor
tt11134856,nm0665555,actor
tt11134856,nm10787812,actor
tt11134856,nm2217498,actress
tt11134856,nm5913962,actor
tt1131728,nm0000836,actor
tt1131728,nm0488953,actress
tt1131728,nm2064295,actor
tt1131728,nm5759095,actor
tt1134664,nm0000096,actress
tt1134664,nm0001086,actor
tt1134664,nm0001287,actress
tt1134664,nm0396812,actor
tt1137450,nm0000223,actress
tt1137450,nm0000246,actor
tt1137450,nm0000352,actor
tt1137450,nm6714979,actress
tt1148205,nm0000649,actor
tt1148205,nm0001235,actor
tt1148205,nm0001505,actor
tt1148205,nm0001744,actor
tt1158939,nm0000131,actor
tt1158939,nm0386472,actor
tt1158939,nm1918862,actress
tt1158939,nm9450235,actress
tt1183352,nm0017343,actor
tt1183352,nm0211920,actress
tt1183352,nm0657280,actor
tt1183352,nm4106927,actress
tt1194606,nm0000575,actress
tt1194606,nm0001477,actress
tt1194606,nm0002003,actor
tt1194606,nm1869788,actor
tt1206885,nm0000230,actor
tt1206885,nm0056770,actress
tt1206885,nm0673824,actor
tt1206885,nm0891895,actress
tt1212428,nm0402271,actor
tt1212428,nm1092227,actress
tt1212428,nm1500155,actor
tt1212428,nm4043618,actor
tt1219827,nm0000300,actress
tt1219827,nm0001429,actor
tt1219827,nm0424060,actress
tt1219827,nm1561982,actor
tt1230168,nm0000250,actress
tt1230168,nm0000685,actor
tt1230168,nm0001427,actor
tt1230168,nm0005023,actor
tt1253859,nm0001595,actor
tt1253859,nm0004456,actress
tt1253859,nm0670780,actress
tt1253859,nm0888154,actress
tt1272016,nm2821050,actress
tt1272016,nm3093785,actor
tt1272016,nm3093901,actress
tt1272016,nm6802143,actor
tt1281966,nm0303797,actor
tt1281966,nm1854088,actor
tt1281966,nm2090702,actor
tt1281966,nm3111051,actor
tt1285009,nm0376540,actor
tt1285009,nm0376716,actress
tt1285009,nm1933128,actress
tt1285009,nm5730649,actor
tt1286146,nm0000241,actor
tt1286146,nm0173304,actor
tt1286146,nm1184573,actor
tt1286146,nm2218213,actress
tt1298644,nm0004266,actress
tt1298644,nm0625789,actor
tt1298644,nm2313103,actress
tt1298644,nm5189784,actor
tt1301178,nm1097739,actor
tt1301178,nm1295289,actress
tt1301178,nm1833861,actress
tt1301178,nm2133029,actor
tt1301178,nm2486937,actor
tt1308728,nm0006969,actress
tt1308728,nm0565250,actress
tt1308728,nm0748973,actress
tt1308728,nm1534715,actor
tt1318517,nm0274574,actor
tt1318517,nm1644151,actor
tt1318517,nm3347002,actor
tt1318517,nm3485845,actor
tt1334514,nm0000183,actress
tt1334514,nm0510340,actor
tt1334514,nm1638022,actor
tt1334514,nm2336135,actor
tt1365519,nm0324658,actor
tt1365519,nm0922035,actor
tt1365519,nm0943079,actor
tt1365519,nm2539953,actress
tt1380151,nm0001528,actor
tt1380151,nm0004743,actor
tt1380151,nm1058987,actor
tt1380151,nm1501624,actress
tt1386583,nm0025364,actress
tt1386583,nm0065596,actor
tt1386583,nm0108122,actor
tt1386583,nm0671767,actress
tt1389072,nm0000354,actor
tt1389072,nm0910607,actor
tt1389072,nm1325419,actress
tt1389072,nm2186865,actress
tt1389098,nm0382632,actor
tt1389098,nm1741002,actor
tt1389098,nm3996999,actor
tt1389098,nm8205766,actress
tt1412528,nm0001435,actress
tt1412528,nm0447695,actress
tt1412528,nm0580351,actor
tt1412528,nm0732497,actor
tt1413492,nm0671567,actor
tt1413492,nm0788335,actor
tt1413492,nm1041023,actor
tt1413492,nm1165110,actor
tt1431347,nm0013841,actress
tt1431347,nm0713117,actor
tt1431347,nm1249246,actress
tt1431347,nm1367819,actor
tt1458169,nm0000932,actress
tt1458169,nm0569341,actress
tt1458169,nm0854702,actor
tt1458169,nm6179030,actor
tt1478839,nm0000126,actor
tt1478839,nm0393125,actor
tt1478839,nm0893257,actor
tt1478839,nm4467076,actress
tt1485796,nm0413168,actor
tt1485796,nm0931329,actress
tt1485796,nm1374980,actor
tt1485796,nm3918035,actress
tt1536537,nm0000335,actress
tt1536537,nm0000353,actor
tt1536537,nm0636426,actress
tt1536537,nm3092471,actor
tt1544608,nm0190744,actor
tt1544608,nm0320969,actor
tt1544608,nm1166528,actress
tt1544608,nm3592338,actress
tt1553659,nm0048932,actor
tt1553659,nm0464522,actor
tt1553659,nm0746896,actor
tt1553659,nm4456120,actress
tt1563742,nm0001314,actor
tt1563742,nm0220240,actor
tt1563742,nm0267506,actress
tt1563742,nm0519456,actress
tt1564777,nm0000613,actress
tt1564777,nm1789970,actress
tt1564777,nm3528539,actor
tt1564777,nm5795508,actress
tt1590193,nm0000553,actor
tt1590193,nm0052186,actor
tt1590193,nm0267812,actress
tt1590193,nm0933940,actor
tt1604064,nm1971215,actor
tt1604064,nm2060939,actor
tt1604064,nm2417233,actor
tt1604064,nm3809687,actor
tt1620680,nm0000702,actress
tt1620680,nm0001856,actress
tt1620680,nm1411676,actress
tt1620680,nm4977564,actress
tt1648190,nm0000190,actor
tt1648190,nm0252961,actor
tt1648190,nm0371660,actor
tt1648190,nm6999211,actor
tt1650060,nm0001598,actor
tt1650060,nm0242882,actor
tt1650060,nm1143816,actress
tt1650060,nm1165044,actor
tt1653665,nm0531808,actress
tt1653665,nm0672621,actress
tt1653665,nm1727304,actor
tt1653665,nm3053338,actress
tt1661275,nm0001290,actor
tt1661275,nm0631490,actor
tt1661275,nm2605345,actress
tt1661275,nm3510471,actor
tt1680140,nm0202603,actor
tt1680140,nm0574615,actor
tt1680140,nm0639782,actor
tt1680140,nm1404408,actress
tt1691916,nm3614913,actress
tt1691916,nm4279413,actress
tt1691916,nm4296013,actress
tt1691916,nm5318271,actress
tt1691924,nm0289661,actor
tt1691924,nm2453989,actress
tt1691924,nm2730495,actress
tt1691924,nm2756652,actor
tt1699518,nm0225944,actor
tt1699518,nm0332709,actor
tt1699518,nm2410052,actor
tt1699518,nm3043279,actress
tt1712192,nm0000547,actor
tt1712192,nm1569276,actor
tt1712192,nm1812656,actor
tt1712192,nm1954240,actress
tt1727497,nm0100460,actor
tt1727497,nm0211653,actor
tt1727497,nm2538498,actor
tt1727497,nm4863593,actress
tt1734493,nm0000518,actor
tt1734493,nm0001057,actress
tt1734493,nm0089217,actor
tt1734493,nm0636426,actress
tt1748051,nm0957037,actress
tt1748051,nm1057047,actor
tt1748051,nm2032150,actress
tt1748051,nm2532557,actor
tt1753786,nm0157915,actor
tt1753786,nm2207222,actor
tt1753786,nm2784856,actor
tt1753786,nm4156567,actor
tt1758810,nm0001250,actress
tt1758810,nm0272581,actress
tt1758810,nm0439642,actor
tt1758810,nm1055413,actor
tt1759744,nm1741002,actor
tt1759744,nm1788739,actress
tt1759744,nm2356940,actress
tt1759744,nm8205766,actress
tt1780790,nm0793390,actress
tt1780790,nm1778235,actor
tt1780790,nm3270989,actress
tt1780790,nm5143076,actress
tt1785635,nm0247754,actress
tt1785635,nm0290556,actor
tt1785635,nm0543383,actress
tt1785635,nm2020278,actor
tt1790809,nm0000136,actor
tt1790809,nm0000849,actor
tt1790809,nm0001691,actor
tt1790809,nm0089217,actor
tt1799516,nm0760989,actress
tt1799516,nm2505507,actor
tt1799516,nm5145655,actor
tt1799516,nm6081322,actress
tt1824932,nm10135530,actress
tt1824932,nm10135533,actor
tt1824932,nm2742049,actor
tt1824932,nm2864177,actress
tt1825683,nm0430107,actor
tt1825683,nm1569276,actor
tt1825683,nm1775091,actress
tt1825683,nm2143282,actress
tt1826956,nm0071078,actor
tt1826956,nm0250940,actor
tt1826956,nm0540216,actor
tt1826956,nm5485781,actor
tt1833116,nm0654110,actor
tt1833116,nm0683253,actress
tt1833116,nm1172478,actor
tt1833116,nm1869101,actress
tt1837636,nm0000173,actress
tt1837636,nm0290556,actor
tt1837636,nm0507073,actor
tt1837636,nm1500155,actor
tt1854582,nm0427757,actor
tt1854582,nm1269155,actress
tt1854582,nm1392352,actor
tt1854582,nm2332343,actress
tt1859476,nm0000131,actor
tt1859476,nm0002159,actor
tt1859476,nm0004272,actor
tt1859476,nm2248498,actor
tt1863293,nm0536954,actor
tt1863293,nm5554445,actress
tt1863293,nm8513547,actor
tt1863293,nm8528223,actress
tt1869347,nm0000335,actress
tt1869347,nm1796057,actor
tt1869347,nm4835867,actress
tt1869347,nm7607873,actress
tt1869491,nm0672156,actor
tt1869491,nm1008104,actress
tt1869491,nm2795639,actor
tt1869491,nm4381613,actor
tt1884378,nm0002326,actor
tt1884378,nm0004825,actress
tt1884378,nm0671721,actor
tt1884378,nm4706451,actress
tt1895315,nm0001602,actor
tt1895315,nm0266824,actress
tt1895315,nm0396924,actress
tt1895315,nm4454223,actress
tt1922544,nm0000208,actress
tt1922544,nm0195421,actor
tt1922544,nm2063811,actor
tt1922544,nm4625603,actor
tt1928334,nm0000465,actor
tt1928334,nm2062531,actor
tt1928334,nm3087878,actress
tt1928334,nm6543093,actress
tt1934452,nm0445987,actor
tt1934452,nm2516330,actress
tt1934452,nm2713005,actor
tt1934452,nm2788974,actress
tt1935897,nm0000492,actress
tt1935897,nm1185747,actor
tt1935897,nm2254074,actress
tt1935897,nm5085683,actress
tt1937340,nm0001879,actress
tt1937340,nm0334561,actress
tt1937340,nm2116006,actress
tt1937340,nm4554428,actor
tt1946502,nm1225628,actress
tt1946502,nm1627901,actor
tt1946502,nm1847117,actress
tt1946502,nm2679917,actor
tt1950186,nm0000288,actor
tt1950186,nm0000354,actor
tt1950186,nm1256532,actor
tt1950186,nm1495520,actress
tt1977094,nm0564697,actor
tt1977094,nm0792156,actor
tt1977094,nm1534917,actor
tt1977094,nm1748489,actress
tt1979376,nm0000158,actor
tt1979376,nm0000741,actor
tt1979376,nm0001633,actress
tt1979376,nm0355024,actor
tt1981128,nm0124930,actor
tt1981128,nm0180411,actress
tt1981128,nm0487884,actress
tt1981128,nm0836343,actor
tt1986202,nm0325943,actress
tt1986202,nm1319676,actress
tt1986202,nm1931742,actress
tt1986202,nm2961993,actor
tt2002742,nm0149822,actor
tt2002742,nm0154164,actor
tt2002742,nm0304345,actress
tt2002742,nm1122077,actor
tt2002742,nm1384413,actor
tt2002742,nm1408458,actress
tt2018069,nm0707816,actor
tt2018069,nm3287038,actor
tt2018069,nm4007171,actor
tt2018069,nm4789062,actor
tt2034800,nm0000353,actor
tt2034800,nm0000354,actor
tt2034800,nm0490489,actor
tt2034800,nm1320897,actress
tt2039412,nm0001731,actor
tt2039412,nm0257969,actress
tt2039412,nm0899681,actor
tt2039412,nm1842344,actor
tt2050452,nm0096585,actor
tt2050452,nm0464299,actress
tt2050452,nm1853974,actor
tt2050452,nm2417108,actress
tt2062700,nm0000204,actress
tt2062700,nm0331516,actor
tt2062700,nm1055413,actor
tt2062700,nm1913734,actress
tt2066051,nm0068260,actor
tt2066051,nm0397171,actress
tt2066051,nm0534635,actor
tt2066051,nm5473782,actor
tt2069797,nm0165101,actress
tt2069797,nm0333410,actor
tt2069797,nm0612534,actor
tt2069797,nm1270009,actress
tt2072233,nm0000551,actor
tt2072233,nm0004937,actor
tt2072233,nm0005517,actress
tt2072233,nm1157358,actress
tt2076826,nm0549815,actor
tt2076826,nm1002664,actor
tt2076826,nm1468739,actress
tt2076826,nm2473076,actor
tt2088950,nm0000463,actress
tt2088950,nm0002064,actor
tt2088950,nm0241049,actor
tt2088950,nm2624186,actress
tt2091256,nm0366389,actor
tt2091256,nm1159180,actor
tt2091256,nm1802209,actor
tt2091256,nm3042755,actor
tt2098669,nm0000514,actor
tt2098669,nm1690632,actress
tt2098669,nm3071043,actress
tt2098669,nm4646498,actress
tt2119532,nm0941777,actor
tt2119532,nm1940449,actor
tt2119532,nm1954240,actress
tt2119532,nm3478396,actor
tt2119543,nm0000949,actress
tt2119543,nm0001492,actor
tt2119543,nm0085312,actor
tt2119543,nm6236783,actor
tt2125650,nm1734209,actor
tt2125650,nm1843025,actress
tt2125650,nm2257743,actor
tt2125650,nm3235877,actress
tt2126357,nm0000182,actress
tt2126357,nm0001852,actor
tt2126357,nm0718957,actress
tt2126357,nm1227814,actress
tt2140507,nm0396558,actor
tt2140507,nm0532193,actor
tt2140507,nm1212722,actor
tt2140507,nm4043618,actor
tt2140629,nm0005561,actor
tt2140629,nm1144419,actor
tt2140629,nm1679669,actress
tt2140629,nm4933030,actress
tt2149360,nm2623547,actor
tt2149360,nm4023145,actress
tt2149360,nm5053020,actor
tt2149360,nm5053217,actor
tt2150177,nm0006689,actress
tt2150177,nm0219971,actor
tt2150177,nm0451174,actor
tt2150177,nm0665349,actress
tt2179231,nm0203563,actor
tt2179231,nm0286044,actor
tt2179231,nm0567356,actress
tt2179231,nm5282143,actor
tt2196053,nm3553654,actor
tt2196053,nm3968418,actor
tt2196053,nm4725344,actress
tt2196053,nm4760069,actor
tt2226597,nm0000551,actor
tt2226597,nm0000701,actress
tt2226597,nm0000977,actor
tt2226597,nm0252961,actor
tt2231461,nm0015196,actress
tt2231461,nm0365140,actress
tt2231461,nm0425005,actor
tt2231461,nm0604742,actor
tt2233979,nm0203688,actress
tt2233979,nm2176475,actress
tt2233979,nm7814433,actress
